<?xml version="1.0" encoding="UTF-8"?>
<!--
  When updating your version of GWT, you should also update this DTD reference,
  so that your app can take advantage of the latest GWT module capabilities.
-->
<!DOCTYPE module PUBLIC "-//Google Inc.//DTD Google Web Toolkit 2.6.0//EN"
  "http://google-web-toolkit.googlecode.com/svn/tags/2.6.0/distro-source/core/src/gwt-module.dtd">
<module rename-to='problem_troubleshooter'>
  <!-- Inherit the core Web Toolkit stuff.                        -->
  <inherits name='com.google.gwt.user.User'/>
   <inherits name="com.google.gwt.i18n.I18N"/>
   <inherits name="com.google.gwt.json.JSON"/>
   <inherits name="org.fusesource.restygwt.RestyGWT"/>
   <inherits name='com.netapp.gwt.module.models'/>
  <extend-property name="locale" values="ja_JP"/>
  <extend-property name="locale" values="en"/>

  <!-- Inherit the default GWT style sheet.  You can change       -->
  <!-- the theme of your GWT application by uncommenting          -->
  <!-- any one of the following lines.                            -->
  <!-- <inherits name='com.google.gwt.user.theme.clean.Clean'/>-->
  <!-- <inherits name='com.google.gwt.user.theme.standard.Standard'/>-->
   <inherits name='com.google.gwt.user.theme.chrome.Chrome'/>
 <!-- <inherits name='com.google.gwt.user.theme.dark.Dark'/>-->   

  <!-- Other module inherits                                      -->

  <!-- Specify the app entry point class.                         -->
  <entry-point class='com.netapp.pbt.client.Problem_Troubleshooter'/>

  <!-- Specify the paths for translatable code                    -->
  <source path='client'/>
  <source path='shared'/>
    <source path='server'/>
    <source path='com.netapp.gwt.module.models'/>

  <!-- allow Super Dev Mode -->
  <add-linker name="xsiframe"/>
</module>
